year,broad_age_group,fine_age_group,population,prevalence_per_100k,cases,scenario,older_to_55_69_rate_ratio,source,total_cases,case_share
2023,55+,70+,516044261.5,22921.34833659891,118284302.74944438,older_lower_0.8,0.8,GBD observed,1875400243.1776772,0.06307149803341366
2023,55+,70+,516044261.5,26742.992596936183,138005678.64985898,equal_within_band_1.0,1,GBD observed,1875400243.177677,0.07358732044100744
2023,55+,70+,516044261.5,30087.264167937192,155263600.1809856,older_higher_1.2,1.2,GBD observed,1875400243.177677,0.08278958091522216
2023,55+,70+,516044261.5,34387.4984454647,177454712.4012223,older_much_higher_1.5,1.5,GBD observed,1875400243.1776772,0.09462231491478487
2050,55+,70+,1118897297.5,22384.109661225637,250455198.06889006,older_lower_0.8,0.8,APC projected,2278491571.2134404,0.1099214942171179
2050,55+,70+,1118897297.5,25605.134624850307,286495159.3386868,equal_within_band_1.0,1,APC projected,2278491571.2134404,0.12573895947576846
2050,55+,70+,1118897297.5,28322.13013551026,316895548.6806574,older_higher_1.2,1.2,APC projected,2278491571.2134404,0.13908129074705794
2050,55+,70+,1118897297.5,31684.181547667202,354513451.07184196,older_much_higher_1.5,1.5,APC projected,2278491571.21344,0.15559129362196467
